{
    "success": true,
    "message": "success",
    "data": [
    {
        "id": "2dabbc46-dac2-41e3-b35a-b671d8db3bde",
        "service_location_id": "48e861b5-8d4d-4281-807c-1cdd2a5fee3e",
        "question": "wbevejhefbwefmbef",
        "answer": "qekjfbqefbqff",
        "user_type": "both",
        "active": true
    },
    {
        "id": "4f3d4cb1-29f6-49c9-aff4-dffe0681828e",
        "service_location_id": "48e861b5-8d4d-4281-807c-1cdd2a5fee3e",
        "question": "test dklfhbvkeg b?",
        "answer": "etstkewnlfkwrg",
        "user_type": "user",
        "active": true
    }],
    "meta":
    {
        "pagination":
        {
            "total": 2,
            "count": 2,
            "per_page": 10,
            "current_page": 1,
            "total_pages": 1,
            "links":
            {}
        }
    }
}
