{
    "success": true,
    "message": "success",
    "data":
    {
        "id": "068ecb7a-7198-4322-82b2-28c8e1c90f0a",
        "request_number": "REQ_000002",
        "is_later": 0,
        "user_id": 15,
        "trip_start_time": "5th Aug 09:54 PM",
        "arrived_at": null,
        "accepted_at": null,
        "completed_at": "5th Aug 11:49 PM",
        "is_driver_started": 0,
        "is_driver_arrived": 0,
        "is_trip_start": 0,
        "is_completed": 1,
        "is_cancelled": 0,
        "cancel_method": "0",
        "payment_opt": "1",
        "is_paid": 1,
        "user_rated": 0,
        "driver_rated": 0,
        "unit": "0",
        "zone_type_id": "b0a3a2ce-d248-4767-adea-ae2932731436",
        "vehicle_type_name": "Mini",
        "pick_lat": 11.0797,
        "pick_lng": 76.9997,
        "drop_lat": 11.41157598,
        "drop_lng": 76.77196096,
        "pick_address": "gandhi puram",
        "drop_address": "saravanm patti",
        "userDetail":
        {
            "data":
            {
                "id": 15,
                "name": "Test Test",
                "last_name": null,
                "username": null,
                "email": "testa@gmail.com",
                "mobile": "9878987812",
                "profile_picture": "http://localhost/future/public/assets/images/default-profile-picture.jpeg",
                "active": 1,
                "email_confirmed": 0,
                "mobile_confirmed": 1,
                "last_known_ip": "::1",
                "last_login_at": "2020-08-05 11:26:35"
            }
        },
        "requestBill":
        {
            "data":
            {
                "id": 1,
                "base_price": 5,
                "base_distance": 5,
                "price_per_distance": 5,
                "distance_price": 398.44,
                "price_per_time": 5,
                "time_price": 575,
                "waiting_charge": 100,
                "cancellation_fee": 0,
                "service_tax": 322.03,
                "service_tax_percentage": 30,
                "promo_discount": 0,
                "admin_commision": 322.03,
                "driver_commision": 1073.44,
                "total_amount": 1717.51,
                "requested_currency_code": "INR",
                "admin_commision_with_tax": 644.07
            }
        }
    }
}
