{
    "success": true,
    "message": "success",
    "data": [
    {
        "id": "068ecb7a-7198-4322-82b2-28c8e1c90f0a",
        "request_number": "REQ_000002",
        "is_later": 0,
        "user_id": 15,
        "trip_start_time": "5th Aug 09:54 PM",
        "arrived_at": null,
        "accepted_at": null,
        "completed_at": "5th Aug 11:49 PM",
        "is_driver_started": 0,
        "is_driver_arrived": 0,
        "is_trip_start": 0,
        "is_completed": 1,
        "is_cancelled": 0,
        "cancel_method": "0",
        "payment_opt": "1",
        "is_paid": 1,
        "user_rated": 0,
        "driver_rated": 0,
        "unit": "0",
        "zone_type_id": "b0a3a2ce-d248-4767-adea-ae2932731436",
        "vehicle_type_name": "Mini",
        "pick_lat": 11.0797,
        "pick_lng": 76.9997,
        "drop_lat": 11.41157598,
        "drop_lng": 76.77196096,
        "pick_address": "gandhi puram",
        "drop_address": "saravanm patti",
        "driverDetail":
        {
            "data":
            {
                "id": 6,
                "name": "dilipdk",
                "email": "driver1@gmail.com",
                "mobile": "8667259868",
                "profile_picture": "http://localhost/future/public/assets/images/default-profile-picture.jpeg",
                "active": false,
                "approve": true,
                "available": true,
                "uploaded_document": false,
                "service_location_id": "48e861b5-8d4d-4281-807c-1cdd2a5fee3e",
                "vehicle_type_id": "9ea6f9a0-6fd2-4962-9d81-645e6301096f",
                "vehicle_type_name": "Mini",
                "car_make": null,
                "car_model": null,
                "car_make_name": null,
                "car_model_name": null,
                "car_color": null,
                "car_number": null
            }
        },
        "requestBill":
        {
            "data":
            {
                "id": 1,
                "base_price": 5,
                "base_distance": 5,
                "price_per_distance": 5,
                "distance_price": 398.44,
                "price_per_time": 5,
                "time_price": 575,
                "waiting_charge": 100,
                "cancellation_fee": 0,
                "service_tax": 322.03,
                "service_tax_percentage": 30,
                "promo_discount": 0,
                "admin_commision": 322.03,
                "driver_commision": 1073.44,
                "total_amount": 1717.51,
                "requested_currency_code": "INR",
                "admin_commision_with_tax": 644.07
            }
        }
    },
    {
        "id": "2b4c305a-c2a7-4dd4-96ab-dcbc6ec12d29",
        "request_number": "REQ_000006",
        "is_later": 0,
        "user_id": 15,
        "trip_start_time": null,
        "arrived_at": null,
        "accepted_at": null,
        "completed_at": null,
        "is_driver_started": 0,
        "is_driver_arrived": 0,
        "is_trip_start": 0,
        "is_completed": 0,
        "is_cancelled": 1,
        "cancel_method": "0",
        "payment_opt": "1",
        "is_paid": 0,
        "user_rated": 0,
        "driver_rated": 0,
        "unit": "0",
        "zone_type_id": "b0a3a2ce-d248-4767-adea-ae2932731436",
        "vehicle_type_name": "Mini",
        "pick_lat": 11.0797,
        "pick_lng": 76.9997,
        "drop_lat": 10.99693444,
        "drop_lng": 76.9762592,
        "pick_address": "gandhi puram",
        "drop_address": "srp mills",
        "driverDetail": null,
        "requestBill": null
    },
    {
        "id": "4b4df4df-dee5-463e-9bde-237a2fab1611",
        "request_number": "REQ_000004",
        "is_later": 0,
        "user_id": 15,
        "trip_start_time": null,
        "arrived_at": null,
        "accepted_at": null,
        "completed_at": null,
        "is_driver_started": 0,
        "is_driver_arrived": 0,
        "is_trip_start": 0,
        "is_completed": 0,
        "is_cancelled": 1,
        "cancel_method": "0",
        "payment_opt": "1",
        "is_paid": 0,
        "user_rated": 0,
        "driver_rated": 0,
        "unit": "0",
        "zone_type_id": "b0a3a2ce-d248-4767-adea-ae2932731436",
        "vehicle_type_name": "Mini",
        "pick_lat": 11.0797,
        "pick_lng": 76.9997,
        "drop_lat": 10.99693444,
        "drop_lng": 76.9762592,
        "pick_address": "gandhi puram",
        "drop_address": "srp mills",
        "driverDetail": null,
        "requestBill": null
    },
    {
        "id": "616f4430-15c3-4fac-b584-590634f35154",
        "request_number": "REQ_000008",
        "is_later": 0,
        "user_id": 15,
        "trip_start_time": null,
        "arrived_at": null,
        "accepted_at": null,
        "completed_at": null,
        "is_driver_started": 0,
        "is_driver_arrived": 0,
        "is_trip_start": 0,
        "is_completed": 0,
        "is_cancelled": 1,
        "cancel_method": "0",
        "payment_opt": "1",
        "is_paid": 0,
        "user_rated": 0,
        "driver_rated": 0,
        "unit": "0",
        "zone_type_id": "b0a3a2ce-d248-4767-adea-ae2932731436",
        "vehicle_type_name": "Mini",
        "pick_lat": 11.0797,
        "pick_lng": 76.9997,
        "drop_lat": 10.99693444,
        "drop_lng": 76.9762592,
        "pick_address": "gandhi puram",
        "drop_address": "srp mills",
        "driverDetail": null,
        "requestBill": null
    },
    {
        "id": "d04024fd-3608-48e5-94f1-46d1ed105872",
        "request_number": "REQ_000005",
        "is_later": 0,
        "user_id": 15,
        "trip_start_time": null,
        "arrived_at": null,
        "accepted_at": null,
        "completed_at": null,
        "is_driver_started": 0,
        "is_driver_arrived": 0,
        "is_trip_start": 0,
        "is_completed": 0,
        "is_cancelled": 1,
        "cancel_method": "0",
        "payment_opt": "1",
        "is_paid": 0,
        "user_rated": 0,
        "driver_rated": 0,
        "unit": "0",
        "zone_type_id": "b0a3a2ce-d248-4767-adea-ae2932731436",
        "vehicle_type_name": "Mini",
        "pick_lat": 11.0797,
        "pick_lng": 76.9997,
        "drop_lat": 10.99693444,
        "drop_lng": 76.9762592,
        "pick_address": "gandhi puram",
        "drop_address": "srp mills",
        "driverDetail": null,
        "requestBill": null
    },
    {
        "id": "d941b252-48be-4b04-b969-35ff00044f3d",
        "request_number": "REQ_000001",
        "is_later": 0,
        "user_id": 15,
        "trip_start_time": null,
        "arrived_at": null,
        "accepted_at": null,
        "completed_at": null,
        "is_driver_started": 0,
        "is_driver_arrived": 0,
        "is_trip_start": 0,
        "is_completed": 0,
        "is_cancelled": 1,
        "cancel_method": "0",
        "payment_opt": "1",
        "is_paid": 0,
        "user_rated": 0,
        "driver_rated": 0,
        "unit": "0",
        "zone_type_id": "b0a3a2ce-d248-4767-adea-ae2932731436",
        "vehicle_type_name": "Mini",
        "pick_lat": 11.0797,
        "pick_lng": 76.9997,
        "drop_lat": 10.99693444,
        "drop_lng": 76.9762592,
        "pick_address": "gandhi puram",
        "drop_address": "srp mills",
        "driverDetail": null,
        "requestBill": null
    },
    {
        "id": "fc3c94b0-e92b-4dea-b49b-98d28cd8bd6d",
        "request_number": "REQ_000003",
        "is_later": 0,
        "user_id": 15,
        "trip_start_time": null,
        "arrived_at": null,
        "accepted_at": null,
        "completed_at": null,
        "is_driver_started": 0,
        "is_driver_arrived": 0,
        "is_trip_start": 0,
        "is_completed": 0,
        "is_cancelled": 1,
        "cancel_method": "0",
        "payment_opt": "1",
        "is_paid": 0,
        "user_rated": 0,
        "driver_rated": 0,
        "unit": "0",
        "zone_type_id": "b0a3a2ce-d248-4767-adea-ae2932731436",
        "vehicle_type_name": "Mini",
        "pick_lat": 11.0797,
        "pick_lng": 76.9997,
        "drop_lat": 10.99693444,
        "drop_lng": 76.9762592,
        "pick_address": "gandhi puram",
        "drop_address": "srp mills",
        "driverDetail": null,
        "requestBill": null
    }],
    "meta":
    {
        "pagination":
        {
            "total": 7,
            "count": 7,
            "per_page": 10,
            "current_page": 1,
            "total_pages": 1,
            "links":
            {}
        }
    }
}
