{
    "success": true,
    "data": {
        "id": 85,
        "name": "Slik biggles",
        "last_name": null,
        "username": null,
        "email": "dhilipkumar.kgcas@gmail.com",
        "mobile": "9999999999",
        "profile_picture": "https://admin.tagyourtaxi.com/storage/uploads/user/profile-picture/lgR7MHvR8PchGDFmGBQnGAOyI3FIwggYlH473Fj7.jpg",
        "active": 1,
        "email_confirmed": 0,
        "mobile_confirmed": 1,
        "last_known_ip": "49.37.213.137",
        "last_login_at": "2022-01-01 06:59:24",
        "rating": 4.51,
        "no_of_ratings": 143,
        "refferal_code": "VQA3J7",
        "currency_code": "INR",
        "currency_symbol": "₹",
        "map_key": "AIzaSyBeVRs1icwooRpk7ErjCEQCwu0OQowVt9I",
        "show_rental_ride": true,
        "referral_comission_string": "Refer a friend and earn₹30",
        "sos": {
            "data": [
                {
                    "id": "715775f3-6985-445d-b25d-b10b40a59cb4",
                    "name": "Cuadrantepolicia",
                    "number": "3124202525",
                    "status": false
                },
                {
                    "id": "4632e86e-e5a0-4dde-a11d-6688805b976f",
                    "name": "Cuadrantepolicia",
                    "number": "3124202525",
                    "status": false
                },
                {
                    "id": "5ad9703d-1f44-4c9f-aba6-769471697b4e",
                    "name": "Тойчибек",
                    "number": "+77000856363",
                    "status": false
                }
            ]
        },
         "onTripRequest": {
            "data": {
                "id": "037bf21e-dec7-4f84-a80c-fd3980ee6c72",
                "request_number": "REQ_000377",
                "ride_otp": 5582,
                "is_later": 0,
                "user_id": 85,
                "service_location_id": "d6522806-c74a-473b-894b-3501b17491e5",
                "trip_start_time": "1st Jan 12:31 PM",
                "arrived_at": "1st Jan 12:31 PM",
                "accepted_at": "1st Jan 12:31 PM",
                "completed_at": "1st Jan 12:31 PM",
                "is_driver_started": 1,
                "is_driver_arrived": 1,
                "updated_at": "1st Jan 12:31 PM",
                "is_trip_start": 1,
                "total_distance": "55.00",
                "total_time": 0,
                "is_completed": 1,
                "is_cancelled": 0,
                "cancel_method": "0",
                "payment_opt": "1",
                "is_paid": 1,
                "user_rated": 0,
                "driver_rated": 0,
                "unit": "MILES",
                "zone_type_id": "2f7b1489-e94e-49bb-819a-a9650fe9dac0",
                "vehicle_type_name": "Mini",
                "vehicle_type_image": "https://admin.tagyourtaxi.com/storage/uploads/types/images/wOv6QtPJYvH9pHs1yMkHES1e0jcgu4NOb5WPab4B.jpg",
                "car_make_name": "Ford",
                "car_model_name": "Edge",
                "pick_lat": 11.06272398,
                "pick_lng": 76.99901438,
                "drop_lat": 11.0626918,
                "drop_lng": 76.9991022,
                "pick_address": "Sivashti Lakshmi Illam, 15/30, NH 948, Shivanandhapuram, Coimbatore, 641035, Tamil Nadu, India",
                "drop_address": "3X7X+4M4, Saravanampatti, Coimbatore, Tamil Nadu 641035, India",
                "requested_currency_code": "INR",
                "requested_currency_symbol": null,
                "user_cancellation_fee": 0,
                "is_rental": false,
                "rental_package_id": null,
                "is_out_station": 0,
                "rental_package_name": "-",
                "cv_trip_start_time": "12:31 PM",
                "cv_completed_at": "12:31 PM",
                "driverDetail": {
                    "data": {
                        "id": 24,
                        "name": "Arun",
                        "email": "arun@gmail.com",
                        "mobile": "8667241567",
                        "profile_picture": "https://admin.tagyourtaxi.com/assets/images/default-profile-picture.jpeg",
                        "active": true,
                        "approve": true,
                        "available": true,
                        "uploaded_document": true,
                        "declined_reason": null,
                        "service_location_id": "d6522806-c74a-473b-894b-3501b17491e5",
                        "vehicle_type_id": "e38c77c2-d7d9-40a2-b6db-4e08403772e1",
                        "vehicle_type_name": "Mini",
                        "car_make": 15,
                        "car_model": 245,
                        "car_make_name": "Ford",
                        "car_model_name": "Edge",
                        "car_color": "White",
                        "driver_lat": null,
                        "driver_lng": null,
                        "car_number": "1788",
                        "rating": 4.32,
                        "no_of_ratings": 153,
                        "timezone": "Asia/Kolkata",
                        "refferal_code": "lJcLIU",
                        "map_key": "AIzaSyBeVRs1icwooRpk7ErjCEQCwu0OQowVt9I",
                        "company_key": "TEST-TYT",
                        "show_instant_ride": true,
                        "currency_symbol": "₹",
                        "total_earnings": 6705.6,
                        "current_date": "2022-01-01"
                    }
                },
                "requestBill": {
                    "data": {
                        "id": 739,
                        "base_price": 121.92,
                        "base_distance": 2,
                        "price_per_distance": 60.96,
                        "distance_price": 3230.88,
                        "price_per_time": 0,
                        "time_price": 0,
                        "waiting_charge": 0,
                        "cancellation_fee": 0,
                        "airport_surge_fee": 0,
                        "service_tax": 1005.84,
                        "service_tax_percentage": 30,
                        "promo_discount": 0,
                        "admin_commision": 1005.84,
                        "driver_commision": 3352.8,
                        "total_amount": 5364.48,
                        "requested_currency_code": "INR",
                        "requested_currency_symbol": "₹",
                        "admin_commision_with_tax": 2011.68
                    }
                }
            }
        },
        "metaRequest": {
            "data": {
                "id": "037bf21e-dec7-4f84-a80c-fd3980ee6c72",
                "request_number": "REQ_000377",
                "ride_otp": 5582,
                "is_later": 0,
                "user_id": 85,
                "service_location_id": "d6522806-c74a-473b-894b-3501b17491e5",
                "trip_start_time": null,
                "arrived_at": null,
                "accepted_at": null,
                "completed_at": null,
                "is_driver_started": 0,
                "is_driver_arrived": 0,
                "updated_at": "1st Jan 12:30 PM",
                "is_trip_start": 0,
                "total_distance": "0.00",
                "total_time": 0,
                "is_completed": 0,
                "is_cancelled": 0,
                "cancel_method": "0",
                "payment_opt": "1",
                "is_paid": 0,
                "user_rated": 0,
                "driver_rated": 0,
                "unit": "MILES",
                "zone_type_id": "2f7b1489-e94e-49bb-819a-a9650fe9dac0",
                "vehicle_type_name": "Mini",
                "vehicle_type_image": "https://admin.tagyourtaxi.com/storage/uploads/types/images/wOv6QtPJYvH9pHs1yMkHES1e0jcgu4NOb5WPab4B.jpg",
                "car_make_name": "-",
                "car_model_name": "-",
                "pick_lat": 11.06272398,
                "pick_lng": 76.99901438,
                "drop_lat": 11.06851286,
                "drop_lng": 77.00447403,
                "pick_address": "Sivashti Lakshmi Illam, 15/30, NH 948, Shivanandhapuram, Coimbatore, 641035, Tamil Nadu, India",
                "drop_address": "20, 6th Cross Street, Chitra Nagar, Coimbatore, 641035, Tamil Nadu, India",
                "requested_currency_code": "INR",
                "requested_currency_symbol": null,
                "user_cancellation_fee": 0,
                "is_rental": false,
                "rental_package_id": null,
                "is_out_station": 0,
                "rental_package_name": "-",
                "cv_trip_start_time": "12:30 PM",
                "cv_completed_at": "12:30 PM",
                "driverDetail": null
            }
        },
        "favouriteLocations": {
            "data": [
                {
                    "id": 79,
                    "pick_lat": -33.3661533,
                    "pick_lng": -70.6783085,
                    "drop_lat": null,
                    "drop_lng": null,
                    "pick_address": "Av. Américo Vespucio 1737, Huechuraba, Región Metropolitana, Chile",
                    "drop_address": null,
                    "address_name": "MALL PLAZA NORTE",
                    "landmark": null
                },
                {
                    "id": 82,
                    "pick_lat": 33.9933499,
                    "pick_lng": -6.8485009,
                    "drop_lat": null,
                    "drop_lng": null,
                    "pick_address": "Agdal-Ryad, Rabat, Morocco",
                    "drop_address": null,
                    "address_name": "Home",
                    "landmark": null
                },
                {
                    "id": 83,
                    "pick_lat": 43.26624514,
                    "pick_lng": 76.90032084,
                    "drop_lat": null,
                    "drop_lng": null,
                    "pick_address": "Rayimbek Ave 241, Almaty 050000, Kazakhstan",
                    "drop_address": null,
                    "address_name": "Work",
                    "landmark": null
                }
            ]
        }
    }
}